record_id,student_id,project_id,grade,completion_status,semester,rating
1,STU-0001,CYB-CM-251,3.44,completed,Spring 2023,4
2,STU-0001,CYB-MA-179,3.6,completed,Spring 2025,4
3,STU-0002,SFE-UP-1799,3.06,completed,Spring 2023,3
4,STU-0002,SD-HT-1066,3.51,dropped,Fall 2023,4
5,STU-0003,SFE-AS-760,3.69,completed,Spring 2024,4
6,STU-0003,SFE-DO-429,3.82,completed,Spring 2025,4
7,STU-0003,SFE-BA-568,4.32,completed,Spring 2025,4
8,STU-0004,COS-UT-249,2.66,completed,Spring 2025,3
9,STU-0005,SFE-UP-1776,2.41,dropped,Spring 2023,2
10,STU-0005,SFE-AS-761,2.59,completed,Spring 2024,3
11,STU-0006,SFE-SD-866,2.24,dropped,Spring 2023,2
12,STU-0006,SFE-WD-452,2.11,completed,Fall 2022,2
13,STU-0006,SFE-QA-385,2.61,completed,Spring 2023,3
14,STU-0007,SFE-SC-805,3.07,completed,Fall 2023,3
15,STU-0007,SFE-WD-451,2.89,completed,Spring 2025,3
16,STU-0008,SFE-BA-563,3.58,completed,Fall 2024,4
17,STU-0008,SFE-AS-764,3.32,completed,Spring 2025,3
18,STU-0008,SFE-BA-597,2.75,completed,Fall 2022,3
19,STU-0009,COS-VIS-1459,2.9,completed,Spring 2025,3
20,STU-0009,COS-SP-197,2.69,completed,Spring 2025,3
21,STU-0009,COS-VIS-1464,3.16,completed,Spring 2024,3
22,STU-0010,COS-ML-013,1.86,dropped,Fall 2023,2
23,STU-0010,COS-BIO-1637,1.78,completed,Fall 2022,2
24,STU-0010,EXX-ES-1842,1.69,completed,Spring 2023,2
25,STU-0011,SFE-BA-592,4.27,completed,Spring 2024,5
26,STU-0012,IFT-AT-1038,2.63,completed,Spring 2023,3
27,STU-0013,CYB-PM-1355,2.87,dropped,Fall 2023,3
28,STU-0013,CYB-NS-165,2.34,completed,Spring 2023,3
29,STU-0014,IFT-DB-302,1.99,failed,Fall 2024,2
30,STU-0014,IFT-AM-1273,2.95,dropped,Fall 2024,3
31,STU-0015,IFT-GR-1754,1.75,completed,Fall 2024,2
32,STU-0015,IFT-DB-1558,1.94,completed,Fall 2024,2
33,STU-0016,SFE-CC-636,2.62,completed,Spring 2024,3
34,STU-0016,SFE-CC-633,2.9,completed,Spring 2023,3
35,STU-0017,IFT-GR-1734,2.94,completed,Spring 2023,3
36,STU-0017,IFT-ED-302,2.61,dropped,Spring 2023,3
37,STU-0018,IFS-SA-286,3.27,dropped,Spring 2024,3
38,STU-0018,IFS-BD-958,3.3,completed,Fall 2022,3
39,STU-0018,IFS-BPM-248,2.68,completed,Spring 2023,3
40,STU-0019,IFT-GR-1767,3.62,completed,Fall 2023,4
41,STU-0019,IFT-GR-1769,3.33,dropped,Spring 2023,3
42,STU-0019,IFT-CM-1406,3.17,completed,Spring 2025,3
43,STU-0020,IFT-DB-1564,3.21,dropped,Spring 2024,3
44,STU-0020,IFT-AM-1247,2.8,completed,Spring 2024,3
45,STU-0021,SFE-AS-758,4.24,completed,Spring 2024,5
46,STU-0022,COS-NLP-102,4.03,completed,Spring 2025,5
47,STU-0022,COS-DM-1062,4.03,completed,Fall 2022,4
48,STU-0023,COS-VIS-1462,3.16,dropped,Spring 2024,3
49,STU-0023,COS-BIO-1602,3.0,completed,Fall 2023,3
50,STU-0023,COS-RS-185,3.1,completed,Fall 2024,3
51,STU-0024,CYB-OT-1677,2.77,completed,Spring 2023,3
52,STU-0024,CYB-OT-1663,2.6,completed,Fall 2023,3
53,STU-0025,IFT-IO-341,2.07,completed,Spring 2023,2
54,STU-0025,IFT-AM-1248,2.38,completed,Fall 2022,3
55,STU-0025,IFT-CM-1420,2.78,completed,Spring 2023,3
56,STU-0026,SFE-EM-1299,2.22,completed,Spring 2024,2
57,STU-0026,SFE-MD-496,3.1,completed,Fall 2023,3
58,STU-0026,SFE-MA-1442,2.58,completed,Fall 2023,3
59,STU-0027,SFE-BP-713,2.96,completed,Fall 2022,3
60,STU-0028,IFS-BI-1216,2.26,completed,Fall 2023,2
61,STU-0028,IFS-BO-264,2.39,completed,Fall 2024,2
62,STU-0028,IFS-BPM-253,2.93,completed,Spring 2025,3
63,STU-0029,CYB-AI-1494,1.79,dropped,Spring 2025,2
64,STU-0029,CYB-MA-178,2.59,completed,Fall 2023,3
65,STU-0029,CYB-OT-1669,2.24,completed,Fall 2024,2
66,STU-0030,SFE-EM-1292,2.1,completed,Spring 2023,2
67,STU-0030,SFE-EM-1280,2.69,completed,Fall 2022,3
68,STU-0031,IFS-BI-1240,3.11,completed,Fall 2023,3
69,STU-0031,IFS-GOV-1704,3.57,dropped,Fall 2024,4
70,STU-0032,COS-NLP-107,2.87,completed,Spring 2023,3
71,STU-0032,COS-ML-010,2.79,failed,Spring 2025,3
72,STU-0032,CYB-AI-1504,2.65,completed,Spring 2023,3
73,STU-0033,COS-VIS-1473,4.0,completed,Fall 2023,4
74,STU-0034,COS-BIO-1609,3.21,dropped,Spring 2024,3
75,STU-0034,COS-DB-155,3.47,completed,Spring 2023,3
76,STU-0035,IFT-CM-1409,3.55,completed,Fall 2024,4
77,STU-0035,IFT-AM-1273,3.37,dropped,Spring 2025,3
78,STU-0036,CYB-MA-178,2.44,dropped,Fall 2022,3
79,STU-0036,CYB-AI-1489,2.72,completed,Fall 2022,3
80,STU-0036,CYB-CS-236,1.9,completed,Spring 2024,2
81,STU-0037,SFE-CC-648,2.19,failed,Spring 2023,2
82,STU-0037,SFE-CC-630,2.17,completed,Fall 2022,2
83,STU-0038,SFE-DO-422,1.58,completed,Fall 2024,2
84,STU-0039,COS-DL-048,2.44,completed,Fall 2024,2
85,STU-0040,IFT-ER-362,2.86,completed,Fall 2023,3
86,STU-0041,IFS-BI-1233,3.08,completed,Spring 2023,3
87,STU-0041,IFS-RTL-1539,2.81,failed,Spring 2023,3
88,STU-0042,SFE-EM-1274,3.61,dropped,Fall 2022,4
89,STU-0042,IFS-BI-1229,3.91,dropped,Spring 2023,4
90,STU-0042,SFE-AP-972,3.9,completed,Spring 2023,4
91,STU-0043,CYB-FS-1209,3.39,completed,Fall 2023,3
92,STU-0044,IFS-SA-279,2.66,completed,Fall 2022,3
93,STU-0045,IFT-IO-343,4.55,completed,Spring 2025,5
94,STU-0045,CYB-AI-1506,3.13,failed,Spring 2025,3
95,STU-0045,CYB-PM-1356,4.13,completed,Fall 2024,5
96,STU-0046,SFE-BA-600,3.86,completed,Fall 2023,4
97,STU-0046,SFE-MA-1428,3.14,dropped,Fall 2024,3
98,STU-0047,IFT-AT-1027,3.66,completed,Spring 2024,4
99,STU-0047,IFT-IO-358,3.13,completed,Spring 2024,4
100,STU-0048,IFS-RTL-1530,2.16,dropped,Fall 2024,2
101,STU-0048,IFS-GOV-1727,2.54,dropped,Fall 2023,3
102,STU-0048,IFS-SM-1379,2.18,completed,Fall 2024,2
103,STU-0049,COS-BIO-1640,3.47,failed,Fall 2024,3
104,STU-0049,COS-CV-141,3.33,completed,Spring 2023,3
105,STU-0049,COS-GM-257,3.25,completed,Spring 2023,3
106,STU-0050,IFS-SM-1387,1.88,dropped,Fall 2022,2
107,STU-0050,IFS-GOV-1728,1.89,completed,Spring 2023,2
108,STU-0051,IFS-SM-1380,2.5,completed,Spring 2024,2
109,STU-0052,IFS-ERP-228,3.77,completed,Spring 2025,4
110,STU-0052,IFS-BI-1223,3.65,completed,Fall 2022,4
111,STU-0053,SFE-BA-553,3.04,dropped,Fall 2023,3
112,STU-0053,SFE-CC-632,2.62,completed,Fall 2024,3
113,STU-0053,SFE-MD-496,2.39,dropped,Fall 2022,2
114,STU-0054,IFS-SM-1393,2.52,completed,Spring 2025,3
115,STU-0054,IFS-GOV-1719,2.66,failed,Fall 2022,3
116,STU-0055,COS-NLP-105,3.03,completed,Fall 2023,3
117,STU-0055,COS-DM-1072,2.72,dropped,Spring 2023,3
118,STU-0055,COS-DM-1052,2.18,completed,Spring 2025,2
119,STU-0056,CYB-CS-228,2.45,dropped,Fall 2023,2
120,STU-0057,CYB-FS-1191,2.02,completed,Fall 2023,3
121,STU-0058,COS-NLP-096,2.84,completed,Fall 2023,3
122,STU-0058,COS-CV-123,3.04,completed,Fall 2024,3
123,STU-0058,COS-BIO-1649,2.89,completed,Fall 2024,3
124,STU-0059,IFS-BPM-254,3.45,completed,Fall 2023,3
125,STU-0059,IFS-SA-283,3.21,dropped,Fall 2022,3
126,STU-0059,IFS-GOV-1700,2.92,completed,Fall 2024,3
127,STU-0060,CYB-OT-1680,3.58,dropped,Spring 2025,4
128,STU-0061,IFS-ERP-227,3.14,completed,Fall 2023,3
129,STU-0062,SFE-BP-710,3.23,completed,Spring 2023,3
130,STU-0062,IFS-RTL-1527,4.16,completed,Spring 2023,5
131,STU-0063,IFS-BI-1223,1.68,dropped,Spring 2024,2
132,STU-0064,IFS-SA-273,3.32,completed,Fall 2024,3
133,STU-0064,IFS-EA-270,2.67,completed,Fall 2022,3
134,STU-0064,IFS-SM-1384,3.41,completed,Fall 2024,3
135,STU-0065,IFS-ERP-229,2.78,dropped,Fall 2023,3
136,STU-0066,COS-GM-260,3.94,completed,Spring 2023,4
137,STU-0067,CYB-NS-152,1.69,dropped,Fall 2023,2
138,STU-0067,CYB-PM-1360,2.02,completed,Spring 2023,2
139,STU-0068,IFT-CM-1418,2.27,completed,Spring 2023,3
140,STU-0068,IFT-AM-1256,2.28,completed,Fall 2022,2
141,STU-0069,EXX-ES-1846,3.21,completed,Spring 2024,3
142,STU-0069,COS-NCS-1312,2.78,dropped,Fall 2023,3
143,STU-0069,COS-VIS-1483,3.05,completed,Fall 2024,3
144,STU-0070,CYB-PM-1363,2.95,dropped,Spring 2023,3
145,STU-0071,IFT-AT-1036,2.45,dropped,Fall 2022,2
146,STU-0071,IFT-AT-1039,2.79,completed,Fall 2023,3
147,STU-0071,IFT-CC-313,3.06,completed,Fall 2024,3
148,STU-0072,COS-NCS-1323,2.49,failed,Fall 2022,2
149,STU-0072,COS-UT-251,1.91,failed,Spring 2024,2
150,STU-0072,EXX-ES-1822,2.33,completed,Spring 2023,2
151,STU-0073,IFT-DB-1551,3.34,completed,Fall 2023,3
152,STU-0073,IFT-IO-356,2.72,completed,Fall 2024,3
153,STU-0074,SFE-BA-564,3.11,completed,Spring 2023,3
154,STU-0074,CYB-MA-181,2.36,completed,Spring 2024,3
155,STU-0074,SFE-QA-388,3.15,completed,Spring 2025,4
156,STU-0075,COS-VIS-1467,3.46,completed,Fall 2024,3
157,STU-0075,COS-NCS-1327,2.64,completed,Spring 2024,3
158,STU-0075,COS-BIO-1615,3.02,dropped,Spring 2024,3
159,STU-0076,COS-ML-023,2.99,completed,Fall 2022,3
160,STU-0076,COS-BIO-1614,2.88,completed,Spring 2023,3
161,STU-0076,COS-DL-054,2.81,failed,Spring 2025,3
162,STU-0077,SFE-MD-493,3.16,completed,Fall 2023,3
163,STU-0077,SFE-AS-755,2.9,completed,Fall 2023,3
164,STU-0078,CYB-OT-1683,3.63,completed,Fall 2022,4
165,STU-0079,SFE-WD-456,3.0,dropped,Spring 2025,3
166,STU-0079,SFE-AS-755,2.66,completed,Fall 2023,3
167,STU-0079,SFE-DU-903,2.85,completed,Spring 2025,3
168,STU-0080,SD-HT-1066,2.23,completed,Fall 2023,2
169,STU-0080,SFE-XR-939,3.03,completed,Spring 2024,4
170,STU-0081,IFS-GOV-1705,4.33,completed,Spring 2023,4
171,STU-0081,IFS-RTL-1522,3.21,completed,Spring 2025,3
172,STU-0082,SFE-BA-602,2.63,completed,Fall 2022,3
173,STU-0082,SFE-BA-558,2.34,completed,Fall 2023,2
174,STU-0082,SFE-UP-1800,2.71,dropped,Fall 2022,3
175,STU-0083,IFS-ERP-229,2.52,failed,Spring 2023,3
176,STU-0083,IFS-GOV-1702,2.53,dropped,Spring 2025,3
177,STU-0084,IFT-AM-1263,3.11,dropped,Fall 2024,3
178,STU-0084,IFT-GR-1744,3.27,failed,Fall 2022,3
179,STU-0085,IFS-BD-961,2.9,completed,Spring 2025,3
180,STU-0085,IFS-RTL-1535,3.48,completed,Fall 2024,3
181,STU-0085,IFS-RTL-1534,3.3,completed,Fall 2024,3
182,STU-0086,SFE-BA-592,3.0,dropped,Fall 2022,3
183,STU-0086,SFE-QA-390,3.29,dropped,Spring 2024,3
184,STU-0087,COS-NCS-1327,2.95,failed,Fall 2024,3
185,STU-0087,COS-ALG-1167,2.92,completed,Fall 2024,3
186,STU-0087,COS-NLP-088,2.91,dropped,Spring 2023,3
187,STU-0088,IFT-AM-1253,1.93,completed,Spring 2023,2
188,STU-0088,SD-HT-1062,2.7,completed,Spring 2024,3
189,STU-0088,IFT-ER-376,3.38,completed,Spring 2023,4
190,STU-0089,IFT-AT-1029,4.44,completed,Spring 2025,4
191,STU-0089,IFT-DB-1572,3.33,completed,Spring 2024,3
192,STU-0090,COS-UT-223,2.16,dropped,Spring 2025,2
193,STU-0090,COS-UT-211,2.78,completed,Spring 2025,3
194,STU-0090,COS-NLP-110,2.33,completed,Spring 2024,2
195,STU-0091,COS-DL-050,3.72,completed,Fall 2023,4
196,STU-0091,COS-BIO-1619,2.57,completed,Spring 2024,3
197,STU-0091,COS-SP-198,3.67,completed,Spring 2023,4
198,STU-0092,IFT-AM-1251,3.71,completed,Fall 2022,4
199,STU-0092,IFT-CM-1397,2.48,completed,Fall 2024,2
200,STU-0093,EXX-ES-1827,2.95,dropped,Fall 2023,3
201,STU-0093,COS-UT-244,2.86,completed,Fall 2023,3
202,STU-0094,IFS-RTL-1523,2.54,completed,Spring 2023,3
203,STU-0094,IFS-SA-281,2.52,completed,Fall 2022,3
204,STU-0094,IFS-BPM-256,3.09,failed,Spring 2023,3
205,STU-0095,COS-NCS-1330,2.32,completed,Spring 2023,2
206,STU-0095,COS-BIO-1633,2.94,completed,Spring 2024,3
207,STU-0096,SFE-XR-937,2.59,completed,Fall 2023,3
208,STU-0096,SFE-AS-760,2.38,completed,Fall 2023,2
209,STU-0097,COS-RS-182,3.04,completed,Spring 2025,3
210,STU-0097,COS-DL-062,3.04,completed,Fall 2023,3
211,STU-0098,SFE-AR-402,2.35,completed,Spring 2023,2
212,STU-0098,SFE-UP-1802,2.88,dropped,Spring 2025,3
213,STU-0098,SFE-SC-806,2.58,failed,Fall 2023,3
214,STU-0099,COS-BIO-1603,4.06,completed,Spring 2023,4
215,STU-0099,COS-NCS-1315,4.45,completed,Spring 2024,4
216,STU-0099,COS-UT-224,3.35,completed,Fall 2022,3
217,STU-0100,IFS-SM-1395,3.7,completed,Spring 2024,4
218,STU-0100,IFS-GOV-1720,2.85,completed,Fall 2024,3
219,STU-0100,IFS-SM-1392,3.63,completed,Fall 2023,4
220,STU-0101,IFT-DB-1560,2.88,dropped,Fall 2022,3
221,STU-0101,IFT-CM-1416,3.57,completed,Fall 2024,4
222,STU-0101,IFT-ER-377,3.32,completed,Spring 2024,3
223,STU-0102,SFE-WD-462,3.22,completed,Spring 2023,3
224,STU-0102,SFE-WD-465,3.62,completed,Spring 2024,4
225,STU-0103,CYB-AI-1493,2.75,completed,Spring 2024,3
226,STU-0103,CYB-AI-1506,2.48,failed,Fall 2024,2
227,STU-0104,CYB-AI-1490,3.91,completed,Fall 2024,4
228,STU-0104,CYB-OT-1677,3.59,completed,Spring 2025,4
229,STU-0104,CYB-OT-1665,3.46,completed,Spring 2023,3
230,STU-0105,COS-ML-017,2.13,completed,Fall 2023,2
231,STU-0105,COS-NCS-1322,3.09,completed,Spring 2025,4
232,STU-0105,COS-CV-139,2.29,dropped,Fall 2023,2
233,STU-0106,SFE-MD-521,3.56,completed,Spring 2025,4
234,STU-0106,SFE-MA-1443,3.34,completed,Spring 2024,3
235,STU-0106,SFE-BA-576,4.06,completed,Spring 2024,4
236,STU-0107,COS-UT-220,1.87,failed,Fall 2022,2
237,STU-0107,COS-BIO-1603,2.29,completed,Fall 2022,2
238,STU-0107,COS-DB-151,2.67,dropped,Spring 2024,3
239,STU-0108,SFE-CC-637,2.72,completed,Fall 2024,3
240,STU-0109,IFT-GR-1752,2.54,completed,Spring 2025,3
241,STU-0109,IFT-IO-354,2.26,completed,Fall 2023,2
242,STU-0109,IFT-ER-366,2.7,dropped,Fall 2022,3
243,STU-0110,SFE-BP-714,4.31,completed,Spring 2025,4
244,STU-0111,COS-DS-143,2.96,completed,Spring 2023,3
245,STU-0111,COS-SP-204,3.82,completed,Spring 2025,4
246,STU-0111,EXX-ES-1832,2.3,completed,Spring 2024,3
247,STU-0112,SFE-BP-705,2.57,completed,Spring 2023,3
248,STU-0112,SD-HT-1064,2.77,failed,Fall 2022,3
249,STU-0113,IFT-DB-1570,2.85,completed,Spring 2024,3
250,STU-0113,IFT-IO-353,2.92,dropped,Fall 2024,3
251,STU-0113,IFT-DB-303,2.7,failed,Fall 2024,3
252,STU-0114,COS-NCS-1305,3.46,completed,Fall 2024,4
253,STU-0114,COS-DS-141,3.22,completed,Fall 2022,3
254,STU-0114,COS-CV-124,4.32,completed,Fall 2024,4
255,STU-0115,COS-DL-079,2.79,completed,Fall 2023,3
256,STU-0115,COS-DS-147,2.2,failed,Fall 2022,2
257,STU-0116,CYB-OT-1660,2.38,dropped,Fall 2022,2
258,STU-0116,CYB-PM-1346,2.12,dropped,Fall 2023,2
259,STU-0117,SFE-UP-1800,4.11,completed,Fall 2022,5
260,STU-0117,SFE-EM-1300,4.33,failed,Fall 2024,4
261,STU-0117,SFE-WD-465,4.8,completed,Fall 2023,5
262,STU-0118,IFS-RTL-1521,3.3,completed,Spring 2023,3
263,STU-0119,COS-DS-133,2.14,dropped,Spring 2025,2
264,STU-0119,COS-NLP-108,1.69,failed,Fall 2022,2
265,STU-0120,CYB-WS-203,2.95,failed,Fall 2023,3
266,STU-0120,CYB-CS-238,3.16,completed,Fall 2022,3
267,STU-0120,CYB-MA-183,3.07,completed,Fall 2022,3
268,STU-0121,IFT-GR-1763,2.6,completed,Spring 2023,3
269,STU-0121,IFT-DB-1546,2.58,completed,Fall 2022,3
270,STU-0122,IFS-ERP-236,1.65,failed,Fall 2023,2
271,STU-0123,IFS-BI-1216,2.44,dropped,Fall 2022,2
272,STU-0124,CYB-AI-1496,2.71,dropped,Fall 2023,3
273,STU-0124,CYB-PM-1352,2.28,failed,Spring 2024,2
274,STU-0124,CYB-FS-1206,3.02,completed,Fall 2023,4
275,STU-0125,CYB-FS-1189,3.9,completed,Fall 2024,4
276,STU-0125,CYB-IAM-212,3.12,completed,Spring 2024,4
277,STU-0126,SFE-UP-1789,2.97,completed,Spring 2025,3
278,STU-0126,EXX-ES-1847,3.42,completed,Fall 2024,4
279,STU-0126,CYB-FS-1206,3.82,completed,Fall 2022,4
280,STU-0127,IFT-GR-1746,3.4,completed,Fall 2024,3
281,STU-0127,IFT-AM-1251,3.88,completed,Spring 2025,4
282,STU-0127,IFT-DB-1562,3.84,completed,Spring 2025,4
283,STU-0128,IFT-ED-304,3.39,completed,Spring 2024,4
284,STU-0129,IFT-ED-302,2.64,completed,Spring 2023,3
285,STU-0129,IFT-AM-1250,2.92,dropped,Fall 2023,3
286,STU-0129,IFT-GR-1756,2.96,failed,Spring 2024,3
287,STU-0130,IFT-DB-1553,2.59,completed,Spring 2023,3
288,STU-0131,EXX-ES-1823,2.45,completed,Fall 2023,3
289,STU-0132,SFE-MA-1429,2.81,completed,Spring 2023,3
290,STU-0132,SFE-UP-1791,2.8,completed,Spring 2025,3
291,STU-0133,CYB-PM-1347,3.68,completed,Spring 2025,4
292,STU-0133,CYB-OT-1667,3.14,completed,Spring 2023,3
293,STU-0133,CYB-IAM-217,4.6,completed,Fall 2023,5
294,STU-0134,IFT-AT-1038,3.83,completed,Fall 2023,4
295,STU-0134,IFT-DB-1555,3.81,dropped,Spring 2023,4
296,STU-0134,IFT-CM-1402,3.16,completed,Fall 2022,3
297,STU-0135,CYB-PM-1337,4.09,completed,Fall 2024,5
298,STU-0135,CYB-CS-243,2.87,dropped,Spring 2025,3
299,STU-0136,IFS-RTL-1521,3.73,failed,Spring 2024,4
300,STU-0137,SFE-CP-1598,3.93,completed,Fall 2023,4
301,STU-0138,SFE-AR-405,3.43,completed,Fall 2023,3
302,STU-0138,SFE-BA-569,3.97,dropped,Fall 2023,4
303,STU-0138,SFE-BA-574,3.14,completed,Fall 2024,3
304,STU-0139,CYB-MA-172,3.94,completed,Fall 2022,4
305,STU-0139,CYB-NS-162,3.01,completed,Fall 2023,3
306,STU-0140,IFS-BD-956,2.42,completed,Fall 2022,2
307,STU-0140,IFS-RTL-1517,3.55,completed,Fall 2023,4
308,STU-0141,COS-CV-140,3.38,completed,Spring 2024,3
309,STU-0141,COS-SP-198,2.46,completed,Spring 2024,3
310,STU-0142,IFT-AM-1246,2.33,failed,Fall 2024,2
311,STU-0142,IFT-DB-1560,2.3,completed,Spring 2025,2
312,STU-0143,ET-EM-1060,3.39,completed,Spring 2023,4
313,STU-0144,IFS-BPM-243,4.02,dropped,Fall 2024,5
314,STU-0144,SFE-UP-1791,3.07,completed,Fall 2023,3
315,STU-0144,SFE-WD-453,2.57,completed,Spring 2024,3
316,STU-0145,CYB-NS-158,3.04,completed,Fall 2022,3
317,STU-0146,CYB-FS-1208,4.11,completed,Fall 2024,5
318,STU-0147,IFS-SM-1372,3.29,failed,Fall 2024,3
319,STU-0147,IFS-BD-967,2.81,dropped,Fall 2022,3
320,STU-0147,IFS-EA-271,3.0,completed,Fall 2024,3
321,STU-0148,COS-DL-050,3.58,completed,Fall 2023,4
322,STU-0148,COS-ALG-1168,3.85,dropped,Spring 2025,4
323,STU-0148,COS-SP-189,3.42,completed,Fall 2024,3
324,STU-0149,IFS-RTL-1527,4.25,completed,Spring 2025,4
325,STU-0149,IFS-BO-277,4.06,completed,Fall 2024,4
326,STU-0150,SFE-SC-819,3.4,dropped,Spring 2024,3
327,STU-0150,SFE-CP-1579,3.55,completed,Spring 2023,4
328,STU-0150,SFE-EM-1283,3.06,completed,Spring 2023,3
329,STU-0151,CYB-OT-1671,2.59,failed,Spring 2025,3
330,STU-0151,CYB-CS-240,2.46,completed,Fall 2022,3
331,STU-0152,IFS-GOV-1730,4.29,completed,Spring 2024,4
332,STU-0153,SFE-AP-969,2.87,completed,Fall 2023,3
333,STU-0153,SFE-BP-706,2.26,completed,Spring 2024,2
334,STU-0153,SFE-SC-815,1.89,completed,Fall 2024,2
335,STU-0154,IFT-CM-1422,2.7,failed,Spring 2023,3
336,STU-0155,IFT-ER-365,1.97,completed,Fall 2023,2
337,STU-0155,IFT-GR-1731,2.07,completed,Spring 2023,2
338,STU-0156,IFT-CM-1422,3.02,completed,Spring 2024,3
339,STU-0156,IFT-IO-346,3.26,dropped,Fall 2023,3
340,STU-0157,IFS-SM-1381,3.79,completed,Fall 2024,4
341,STU-0157,IFS-BO-261,3.29,completed,Fall 2023,3
342,STU-0157,IFS-GOV-1722,3.5,completed,Spring 2025,4
343,STU-0158,COS-DM-1059,3.13,dropped,Spring 2023,3
344,STU-0159,IFT-AM-1267,2.66,dropped,Spring 2025,3
345,STU-0159,IFT-AT-1034,2.32,completed,Spring 2024,2
346,STU-0160,CYB-PM-1341,1.93,completed,Spring 2024,2
347,STU-0160,CYB-CM-265,2.49,completed,Spring 2025,3
348,STU-0161,CYB-FS-1210,2.98,completed,Spring 2024,3
349,STU-0161,CYB-WS-208,2.49,dropped,Fall 2022,3
350,STU-0162,CYB-CM-256,2.03,completed,Fall 2024,3
351,STU-0163,IFT-IoT-327,3.36,completed,Fall 2022,3
352,STU-0164,SFE-MA-1444,2.49,dropped,Fall 2024,2
353,STU-0165,COS-DS-131,3.06,completed,Fall 2024,3
354,STU-0165,COS-DS-149,2.75,dropped,Spring 2023,3
355,STU-0166,IFS-RTL-1538,1.59,completed,Fall 2022,2
356,STU-0166,IFS-SM-1390,1.69,dropped,Fall 2024,2
357,STU-0167,IFT-AM-1265,3.42,completed,Fall 2024,3
358,STU-0167,IFT-DB-1565,2.82,failed,Fall 2023,3
359,STU-0168,SFE-BA-581,3.66,completed,Fall 2023,4
360,STU-0169,IFS-BD-968,2.53,dropped,Fall 2023,3
361,STU-0170,CYB-AI-1492,3.58,completed,Fall 2022,4
362,STU-0170,CYB-OT-1671,3.11,completed,Fall 2024,3
363,STU-0170,CYB-WS-204,3.69,completed,Spring 2024,4
364,STU-0171,SFE-CC-632,3.43,completed,Spring 2023,3
365,STU-0171,SFE-SC-819,2.97,completed,Spring 2023,3
366,STU-0172,IFS-GOV-1722,4.06,dropped,Fall 2023,4
367,STU-0172,IFS-RTL-1519,3.96,completed,Spring 2023,4
368,STU-0173,SFE-AP-973,3.27,completed,Spring 2025,3
369,STU-0173,SFE-UP-1810,2.95,dropped,Fall 2023,3
370,STU-0173,SFE-BP-707,2.94,dropped,Spring 2023,3
371,STU-0174,IFS-GOV-1711,3.03,completed,Spring 2025,3
372,STU-0175,COS-SP-195,3.35,completed,Spring 2024,3
373,STU-0175,COS-UT-224,3.42,completed,Spring 2023,3
374,STU-0175,COS-ML-021,3.91,completed,Spring 2024,4
375,STU-0176,CYB-CM-262,1.91,completed,Spring 2025,2
376,STU-0176,CYB-PM-1358,2.71,completed,Spring 2024,3
377,STU-0177,IFT-DB-1554,2.7,completed,Spring 2025,3
378,STU-0177,IFT-GR-1753,2.31,dropped,Fall 2024,2
379,STU-0177,IFT-GR-1768,1.94,dropped,Fall 2022,2
380,STU-0178,IFS-BI-1224,2.12,completed,Spring 2023,2
381,STU-0178,IFS-BD-951,2.46,completed,Fall 2023,2
382,STU-0179,CYB-CS-235,2.83,completed,Spring 2024,3
383,STU-0179,CYB-PM-1343,3.58,completed,Spring 2025,4
384,STU-0179,CYB-CM-256,2.82,dropped,Fall 2024,3
385,STU-0180,IFT-AT-1028,2.85,completed,Spring 2024,3
386,STU-0180,IFT-DB-1551,3.35,dropped,Fall 2024,3
387,STU-0180,IFT-CM-1406,3.65,completed,Fall 2023,4
388,STU-0181,IFS-BI-1221,4.21,completed,Spring 2024,5
389,STU-0181,SFE-BA-596,3.91,completed,Spring 2024,4
390,STU-0181,IFS-BI-1243,4.14,completed,Spring 2023,4
391,STU-0182,COS-ML-003,3.86,completed,Fall 2022,4
392,STU-0183,CYB-PM-1356,2.55,completed,Fall 2022,3
393,STU-0183,IFT-ED-304,2.62,completed,Fall 2022,3
394,STU-0184,COS-DL-050,3.67,completed,Fall 2023,4
395,STU-0185,IFT-IO-349,3.86,completed,Fall 2023,4
396,STU-0185,IFT-AT-1040,2.9,completed,Fall 2022,3
397,STU-0185,IFT-AT-1038,3.88,completed,Spring 2024,4
398,STU-0186,IFT-IO-343,2.91,completed,Fall 2023,3
399,STU-0187,IFT-CM-1404,3.0,completed,Spring 2025,3
400,STU-0187,IFT-AT-1038,3.26,failed,Spring 2025,3
401,STU-0188,IFS-BI-1245,2.7,completed,Spring 2024,3
402,STU-0188,IFS-BO-269,3.2,completed,Spring 2025,3
403,STU-0189,CYB-CS-227,4.02,failed,Fall 2023,4
404,STU-0189,CYB-AP-290,3.32,completed,Spring 2025,3
405,STU-0190,IFT-CM-1406,2.77,completed,Spring 2025,3
406,STU-0190,IFT-GR-1751,2.45,completed,Fall 2022,3
407,STU-0190,IFT-AM-1262,3.06,completed,Fall 2023,3
408,STU-0191,SFE-MA-1441,3.28,completed,Spring 2023,3
409,STU-0191,SFE-MD-500,2.62,completed,Spring 2025,3
410,STU-0191,SFE-UP-1791,3.23,completed,Fall 2022,3
411,STU-0192,IFT-CC-312,2.67,dropped,Spring 2024,3
412,STU-0192,IFT-AM-1273,2.59,dropped,Fall 2022,3
413,STU-0193,SFE-CP-1578,2.31,dropped,Spring 2025,2
414,STU-0193,SFE-XR-932,2.12,completed,Fall 2023,2
415,STU-0194,COS-ALG-1183,2.38,failed,Fall 2024,2
416,STU-0195,IFT-IO-357,3.26,completed,Spring 2024,3
417,STU-0195,IFT-CM-1399,3.87,completed,Spring 2024,4
418,STU-0195,IFT-ER-374,3.54,completed,Fall 2022,4
419,STU-0196,CYB-PM-1347,3.39,completed,Spring 2025,4
420,STU-0196,CYB-NS-166,3.35,completed,Spring 2024,4
421,STU-0197,IFT-CM-1422,1.44,completed,Spring 2024,1
422,STU-0197,IFT-GR-1757,1.34,dropped,Spring 2023,1
423,STU-0198,IFT-AT-1029,2.38,completed,Fall 2023,2
424,STU-0198,IFT-DB-1568,3.25,completed,Spring 2023,3
425,STU-0198,IFT-IO-357,2.53,failed,Spring 2024,3
426,STU-0199,CYB-AI-1494,2.87,completed,Spring 2023,3
427,STU-0199,CYB-AP-298,3.38,completed,Spring 2025,3
428,STU-0200,SFE-MA-1434,2.43,completed,Fall 2022,2
429,STU-0200,IFS-BD-969,2.64,completed,Fall 2024,3
430,STU-0201,COS-UT-249,3.45,dropped,Spring 2023,3
431,STU-0202,CYB-PM-1344,3.83,completed,Fall 2022,4
432,STU-0203,IFS-BO-269,1.0,dropped,Fall 2023,1
433,STU-0203,IFS-ERP-233,1.84,failed,Spring 2023,2
434,STU-0204,COS-VIS-1460,3.02,completed,Spring 2025,3
435,STU-0204,COS-SP-203,2.6,completed,Fall 2022,3
436,STU-0205,IFS-DG-264,2.49,completed,Spring 2025,2
437,STU-0205,IFS-BI-1234,3.13,completed,Spring 2025,3
438,STU-0205,IFS-ERP-226,3.01,completed,Fall 2023,3
439,STU-0206,CYB-AI-1512,2.93,completed,Fall 2023,3
440,STU-0206,CYB-PM-1355,3.26,completed,Spring 2025,4
441,STU-0206,CYB-CS-229,2.27,completed,Fall 2024,2
442,STU-0207,SFE-UP-1781,3.52,completed,Fall 2024,4
443,STU-0207,SFE-WD-455,3.41,completed,Fall 2024,3
444,STU-0208,COS-NLP-092,2.58,dropped,Spring 2025,3
445,STU-0209,IFS-GOV-1730,3.61,completed,Spring 2025,4
446,STU-0210,CYB-CS-236,3.39,dropped,Fall 2022,3
447,STU-0210,SFE-EM-1299,3.38,completed,Fall 2024,4
448,STU-0210,CYB-CS-232,2.46,completed,Spring 2023,2
449,STU-0211,IFT-GR-1752,2.72,dropped,Fall 2023,3
450,STU-0211,IFT-DB-1546,2.15,completed,Fall 2023,2
451,STU-0212,IFT-CM-1423,3.78,completed,Spring 2025,4
452,STU-0212,IFT-ER-363,3.21,dropped,Fall 2023,3
453,STU-0212,IFT-AT-1035,3.21,completed,Spring 2025,3
454,STU-0213,COS-ALG-1176,3.26,completed,Spring 2024,3
455,STU-0213,COS-NLP-089,3.5,completed,Spring 2023,4
456,STU-0213,COS-SP-191,4.06,completed,Fall 2024,4
457,STU-0214,CYB-WS-202,3.32,completed,Fall 2022,3
458,STU-0214,CYB-CM-261,2.44,completed,Fall 2023,2
459,STU-0214,CYB-OT-1651,3.8,completed,Spring 2025,4
460,STU-0215,IFT-IO-344,1.84,completed,Fall 2022,2
461,STU-0216,IFT-DB-1563,3.53,completed,Fall 2022,4
462,STU-0216,IFT-CM-1405,3.82,dropped,Fall 2022,4
463,STU-0217,COS-BIO-1609,2.63,completed,Spring 2023,3
464,STU-0218,IFS-BI-1231,2.87,completed,Spring 2024,3
465,STU-0219,SFE-SD-863,2.85,failed,Spring 2025,3
466,STU-0219,SFE-DU-903,2.66,dropped,Spring 2024,3
467,STU-0220,CYB-AP-292,2.46,dropped,Fall 2023,2
468,STU-0221,IFT-AT-1035,2.4,completed,Spring 2024,3
469,STU-0222,SFE-AR-405,4.16,completed,Fall 2024,5
470,STU-0222,IFT-DB-1555,3.39,completed,Fall 2024,3
471,STU-0222,IFT-ER-361,3.83,completed,Fall 2024,4
472,STU-0223,COS-RS-181,4.19,completed,Spring 2025,5
473,STU-0223,COS-DL-047,4.52,completed,Spring 2024,5
474,STU-0224,IFT-DB-1555,3.57,completed,Fall 2022,4
475,STU-0224,IFT-AM-1263,2.77,completed,Spring 2025,3
476,STU-0225,IFT-GR-1743,2.84,completed,Spring 2024,3
477,STU-0225,IFT-ER-361,3.18,dropped,Fall 2022,3
478,STU-0225,IFT-DB-1549,2.63,failed,Spring 2025,3
479,STU-0226,IFT-GR-1746,3.99,completed,Spring 2025,4
480,STU-0226,IFT-CM-1400,3.68,failed,Spring 2025,4
481,STU-0226,IFT-DB-1563,4.07,completed,Fall 2024,4
482,STU-0227,IFS-RTL-1529,2.81,dropped,Fall 2024,3
483,STU-0228,CYB-WS-202,3.47,completed,Fall 2022,4
484,STU-0228,CYB-CS-247,3.24,completed,Spring 2023,3
485,STU-0228,CYB-AI-1492,3.32,completed,Fall 2024,3
486,STU-0229,COS-VIS-1463,3.51,completed,Fall 2023,4
487,STU-0230,IFT-AM-1256,2.49,completed,Fall 2024,2
488,STU-0231,IFS-GOV-1723,4.05,completed,Fall 2024,4
489,STU-0231,IFS-RTL-1534,3.58,completed,Spring 2023,4
490,STU-0231,IFS-ERP-227,4.46,dropped,Fall 2024,4
491,STU-0232,SFE-BA-578,4.41,completed,Fall 2024,4
492,STU-0233,COS-RS-169,2.45,completed,Fall 2023,2
493,STU-0233,COS-NLP-086,2.44,completed,Fall 2022,2
494,STU-0234,SFE-BP-702,3.92,dropped,Spring 2024,4
495,STU-0234,SFE-AS-752,3.05,completed,Fall 2022,3
496,STU-0235,COS-DS-139,2.36,dropped,Fall 2023,2
497,STU-0236,CYB-FR-196,3.08,completed,Fall 2024,3
498,STU-0237,SFE-AS-751,3.62,dropped,Fall 2024,4
499,STU-0237,IFT-AM-1255,2.87,completed,Spring 2023,3
500,STU-0238,IFS-GOV-1692,3.39,dropped,Spring 2024,3
501,STU-0238,IFS-RTL-1535,4.63,completed,Spring 2024,5
502,STU-0239,CYB-NS-164,3.55,completed,Fall 2024,4
503,STU-0239,CYB-CM-249,2.88,completed,Fall 2022,3
504,STU-0239,CYB-NS-167,3.05,completed,Spring 2025,3
505,STU-0240,SFE-QA-381,4.04,completed,Spring 2023,4
506,STU-0240,SFE-BP-701,3.93,completed,Spring 2025,4
507,STU-0241,COS-DM-1070,1.78,completed,Fall 2024,2
508,STU-0241,COS-RS-167,2.42,completed,Spring 2024,3
509,STU-0241,COS-SP-198,1.29,completed,Fall 2022,1
510,STU-0242,COS-NCS-1332,3.37,completed,Fall 2023,4
511,STU-0243,CYB-OT-1689,2.77,completed,Fall 2022,3
512,STU-0243,CYB-AI-1486,2.51,completed,Spring 2024,3
513,STU-0244,SFE-DO-423,2.32,dropped,Spring 2024,2
514,STU-0245,SFE-UP-1783,3.47,completed,Spring 2024,3
515,STU-0245,SFE-UP-1785,3.47,dropped,Fall 2022,3
516,STU-0245,SFE-DU-903,3.28,dropped,Fall 2023,3
517,STU-0246,CYB-FS-1194,3.06,dropped,Spring 2025,4
518,STU-0246,EXX-ES-1834,3.27,dropped,Fall 2022,4
519,STU-0246,CYB-MA-173,2.21,completed,Fall 2023,2
520,STU-0247,IFT-IO-343,2.33,completed,Fall 2024,2
521,STU-0247,IFT-AM-1273,2.75,failed,Fall 2024,3
522,STU-0248,COS-DM-1067,3.2,completed,Fall 2022,4
523,STU-0248,COS-BIO-1644,3.88,failed,Spring 2024,4
524,STU-0248,COS-VIS-1479,3.81,completed,Spring 2024,4
525,STU-0249,IFS-BI-1235,3.22,completed,Spring 2024,3
526,STU-0249,IFS-SM-1386,3.83,completed,Spring 2024,4
527,STU-0250,CYB-FS-1212,2.92,dropped,Fall 2022,3
528,STU-0250,SFE-BA-568,3.23,dropped,Fall 2024,3
529,STU-0250,SFE-CC-627,3.52,failed,Spring 2024,4
530,STU-0251,CYB-PM-1344,2.76,dropped,Spring 2024,3
531,STU-0251,CYB-AI-1498,2.62,completed,Spring 2025,3
532,STU-0251,CYB-NS-156,2.09,dropped,Spring 2024,2
533,STU-0252,COS-SP-196,2.64,completed,Spring 2024,3
534,STU-0253,IFS-SM-1380,2.0,dropped,Spring 2024,2
535,STU-0254,IFT-AM-1266,4.06,completed,Spring 2023,4
536,STU-0254,IFT-AM-1262,4.17,completed,Spring 2024,4
537,STU-0255,CYB-PM-1362,3.42,completed,Spring 2025,3
538,STU-0256,COS-DL-073,2.89,completed,Spring 2024,3
539,STU-0256,COS-NLP-089,2.52,completed,Fall 2024,3
540,STU-0257,COS-VIS-1479,1.56,completed,Fall 2022,2
541,STU-0257,COS-DS-149,1.88,completed,Spring 2023,2
542,STU-0257,COS-DB-164,3.33,completed,Spring 2023,3
543,STU-0258,CYB-CS-246,2.61,completed,Spring 2023,3
544,STU-0259,IFT-CM-1416,2.62,completed,Spring 2023,3
545,STU-0260,IFT-ER-376,2.77,dropped,Fall 2022,3
546,STU-0260,IFT-AM-1251,2.43,failed,Spring 2024,2
547,STU-0261,COS-UT-237,3.56,completed,Fall 2023,4
548,STU-0261,COS-UT-205,3.94,completed,Spring 2024,4
549,STU-0261,COS-ML-003,3.91,completed,Spring 2023,4
550,STU-0262,SFE-BP-702,3.61,dropped,Fall 2022,4
551,STU-0262,SFE-BA-585,4.1,dropped,Fall 2023,5
552,STU-0262,SFE-DU-902,3.49,completed,Fall 2024,3
553,STU-0263,IFT-ER-378,2.26,completed,Fall 2022,2
554,STU-0263,IFT-CM-1412,3.35,failed,Spring 2025,3
555,STU-0264,IFT-GR-1755,2.73,completed,Spring 2023,3
556,STU-0264,IFT-DB-303,2.86,completed,Fall 2022,3
557,STU-0264,IFT-ER-370,2.05,completed,Fall 2023,2
558,STU-0265,SFE-AS-769,3.57,completed,Fall 2022,4
559,STU-0266,SFE-EM-1278,3.23,completed,Spring 2024,3
560,STU-0266,SFE-SC-816,3.59,completed,Spring 2023,4
561,STU-0267,ET-EM-1057,2.44,completed,Spring 2023,3
562,STU-0268,EXX-ES-1823,2.58,completed,Fall 2022,3
563,STU-0269,COS-ALG-1159,3.75,dropped,Spring 2025,4
564,STU-0269,COS-VIS-1466,2.62,completed,Spring 2024,3
565,STU-0269,COS-VIS-1480,2.25,completed,Fall 2024,2
566,STU-0270,SFE-BA-580,3.97,completed,Spring 2023,4
567,STU-0270,SFE-CP-1598,4.16,completed,Spring 2023,4
568,STU-0271,CYB-WS-208,3.22,completed,Fall 2022,3
569,STU-0271,CYB-OT-1666,3.45,completed,Fall 2024,3
570,STU-0271,CYB-AI-1489,3.84,completed,Fall 2022,4
571,STU-0272,IFS-ERP-222,3.02,completed,Spring 2024,3
572,STU-0272,IFS-ERP-225,3.86,completed,Spring 2025,4
573,STU-0273,IFS-BPM-259,3.16,completed,Spring 2025,3
574,STU-0274,SFE-CP-1590,2.43,dropped,Spring 2024,2
575,STU-0274,IFS-ERP-232,2.46,completed,Spring 2024,3
576,STU-0274,SFE-WD-451,2.8,completed,Spring 2024,3
577,STU-0275,CYB-CS-239,4.35,completed,Spring 2024,5
578,STU-0275,IFT-DB-1550,4.06,completed,Spring 2024,4
579,STU-0275,IFT-GR-1759,3.91,completed,Fall 2023,4
580,STU-0276,CYB-PM-1360,4.07,completed,Fall 2024,4
581,STU-0277,IFT-IO-349,2.3,failed,Spring 2024,2
582,STU-0277,IFT-IO-355,2.35,completed,Fall 2024,2
583,STU-0278,IFT-ER-371,2.15,completed,Fall 2022,2
584,STU-0278,IFT-GR-1733,2.81,completed,Fall 2023,3
585,STU-0279,EXX-ES-1812,3.08,completed,Spring 2025,3
586,STU-0279,COS-CV-148,3.12,completed,Fall 2022,4
587,STU-0279,COS-SP-197,3.41,completed,Fall 2024,3
588,STU-0280,IFS-BO-279,2.63,completed,Spring 2024,3
589,STU-0281,COS-UT-228,3.73,completed,Fall 2022,4
590,STU-0282,CYB-AI-1507,1.43,completed,Spring 2025,1
591,STU-0282,CYB-NS-154,2.25,dropped,Spring 2024,2
592,STU-0282,CYB-FR-199,2.18,dropped,Fall 2022,2
593,STU-0283,COS-DS-133,3.97,completed,Spring 2023,4
594,STU-0283,IFS-SM-1386,3.83,completed,Spring 2025,4
595,STU-0283,IFS-BPM-258,3.7,completed,Fall 2024,4
596,STU-0284,CYB-NS-152,2.76,completed,Spring 2023,3
597,STU-0284,CYB-FS-1188,2.53,completed,Fall 2024,3
598,STU-0285,IFS-SA-283,2.28,completed,Spring 2025,2
599,STU-0286,IFT-AT-1034,3.37,completed,Fall 2024,3
600,STU-0286,IFT-GR-1762,3.37,completed,Fall 2022,3
601,STU-0287,SFE-EM-1299,2.84,completed,Spring 2024,3
602,STU-0287,SFE-MD-529,1.85,completed,Fall 2022,2
603,STU-0288,EXX-ES-1826,3.03,dropped,Fall 2024,4
604,STU-0288,IFT-IO-341,3.75,completed,Spring 2024,4
605,STU-0289,IFS-SA-284,1.75,dropped,Spring 2025,2
606,STU-0290,CYB-CS-236,3.83,completed,Fall 2024,4
607,STU-0291,CYB-AI-1487,3.0,completed,Spring 2024,4
608,STU-0291,COS-SP-195,2.18,completed,Fall 2023,2
609,STU-0292,SFE-MD-530,1.88,completed,Fall 2023,2
610,STU-0292,IFT-CM-1406,2.8,dropped,Spring 2024,3
611,STU-0293,CYB-OT-1678,3.01,failed,Spring 2025,3
612,STU-0293,CYB-CS-235,3.29,dropped,Spring 2023,3
613,STU-0293,CYB-PM-1362,3.77,completed,Spring 2023,4
614,STU-0294,COS-DL-050,2.94,failed,Spring 2025,3
615,STU-0294,COS-SP-204,3.76,completed,Fall 2024,4
616,STU-0294,COS-UT-249,3.86,dropped,Fall 2022,4
617,STU-0295,COS-ML-032,2.33,dropped,Spring 2024,3
618,STU-0295,COS-DL-053,1.83,completed,Spring 2024,2
619,STU-0295,COS-UT-247,2.45,completed,Spring 2025,2
620,STU-0296,IFS-GOV-1699,2.63,completed,Fall 2024,3
621,STU-0296,IFS-BPM-256,2.1,completed,Fall 2024,2
622,STU-0296,IFS-BPM-253,2.13,completed,Fall 2024,2
623,STU-0297,IFT-DB-1571,4.39,completed,Fall 2022,4
624,STU-0298,CYB-FS-1212,2.71,completed,Spring 2023,3
625,STU-0299,IFT-DB-1569,2.65,failed,Spring 2024,3
626,STU-0300,EXX-ES-1826,3.65,completed,Fall 2023,4
627,STU-0300,IFT-IoT-328,2.43,completed,Fall 2022,3
628,STU-0301,COS-DL-069,3.99,completed,Fall 2024,4
629,STU-0301,EXX-ES-1846,3.57,completed,Fall 2024,4
630,STU-0301,COS-UT-242,3.49,failed,Fall 2023,3
631,STU-0302,CYB-FS-1207,2.52,completed,Spring 2025,3
632,STU-0302,CYB-CS-234,2.67,dropped,Fall 2024,3
633,STU-0303,SFE-MA-1427,4.09,completed,Fall 2022,4
634,STU-0303,SFE-SC-801,3.46,failed,Spring 2023,3
635,STU-0304,IFS-ERP-226,3.41,completed,Fall 2023,3
636,STU-0304,IFS-RTL-1543,3.66,completed,Spring 2023,4
637,STU-0304,IFS-BO-264,3.02,dropped,Spring 2023,3
638,STU-0305,COS-ML-017,2.77,completed,Spring 2024,3
639,STU-0305,COS-ML-039,1.67,dropped,Fall 2023,2
640,STU-0305,COS-DL-058,2.78,completed,Fall 2024,3
641,STU-0306,SFE-CC-623,2.84,completed,Fall 2022,3
642,STU-0306,SFE-UP-1802,2.6,dropped,Fall 2023,3
643,STU-0307,IFT-ER-371,3.16,completed,Spring 2025,4
644,STU-0308,CYB-MA-182,3.25,dropped,Fall 2023,4
645,STU-0308,CYB-AI-1498,2.93,completed,Spring 2023,3
646,STU-0308,CYB-AI-1503,2.57,completed,Spring 2024,3
647,STU-0309,IFS-ERP-225,2.93,completed,Spring 2023,3
648,STU-0309,IFS-DG-266,2.01,dropped,Spring 2025,2
649,STU-0309,IFS-SA-277,2.26,completed,Spring 2023,2
650,STU-0310,IFS-BI-1217,2.51,completed,Fall 2024,3
651,STU-0310,IFS-BO-271,2.35,completed,Spring 2024,2
652,STU-0311,COS-UT-237,1.52,completed,Spring 2025,2
653,STU-0312,COS-SP-186,4.12,completed,Spring 2023,4
654,STU-0312,COS-DL-053,3.86,completed,Spring 2024,4
655,STU-0312,COS-DB-158,3.78,completed,Fall 2023,4
656,STU-0313,COS-BIO-1640,2.86,completed,Spring 2023,3
657,STU-0314,COS-ALG-1174,3.46,completed,Spring 2023,3
658,STU-0315,CYB-IAM-218,3.32,completed,Fall 2022,4
659,STU-0316,IFT-DB-1549,3.25,completed,Spring 2024,3
660,STU-0316,IFT-IO-354,3.78,completed,Fall 2024,4
661,STU-0317,IFS-SM-1369,3.58,dropped,Spring 2025,4
662,STU-0317,SFE-MA-1439,3.23,completed,Fall 2023,3
663,STU-0318,CYB-FS-1203,3.53,completed,Fall 2023,4
664,STU-0318,CYB-MA-187,3.3,dropped,Spring 2023,4
665,STU-0319,IFS-BD-961,3.13,completed,Fall 2024,3
666,STU-0319,IFS-GOV-1722,3.0,completed,Fall 2022,3
667,STU-0320,IFS-GOV-1723,2.12,completed,Spring 2025,3
668,STU-0321,SFE-BA-588,3.1,completed,Fall 2023,3
669,STU-0321,IFS-GOV-1723,4.13,completed,Spring 2024,5
670,STU-0321,SFE-CP-1586,2.5,completed,Spring 2025,2
671,STU-0322,IFS-GOV-1705,2.69,completed,Spring 2024,3
672,STU-0322,IFS-RTL-1534,3.3,completed,Spring 2023,3
673,STU-0323,IFS-BI-1232,2.48,completed,Spring 2023,2
674,STU-0324,COS-BIO-1611,3.55,completed,Spring 2024,4
675,STU-0325,SFE-WD-457,2.68,completed,Spring 2025,3
676,STU-0326,IFT-AT-1030,1.93,completed,Fall 2022,2
677,STU-0326,IFT-AM-1271,1.92,completed,Fall 2023,2
678,STU-0327,CYB-MA-179,3.5,completed,Fall 2024,4
679,STU-0328,SFE-AS-755,4.31,completed,Spring 2024,5
680,STU-0328,IFT-AM-1252,5.0,completed,Fall 2023,5
681,STU-0328,SFE-CP-1593,4.78,dropped,Fall 2022,5
682,STU-0329,COS-ML-044,2.99,completed,Fall 2023,3
683,STU-0329,COS-ML-039,2.77,completed,Fall 2022,3
684,STU-0329,COS-NLP-114,2.32,dropped,Fall 2024,2
685,STU-0330,IFT-AM-1248,2.17,completed,Fall 2024,3
686,STU-0331,IFS-BO-274,1.69,dropped,Spring 2024,2
687,STU-0331,IFS-ERP-230,1.9,completed,Fall 2024,2
688,STU-0331,IFS-EA-267,1.79,completed,Fall 2024,2
689,STU-0332,IFS-GOV-1713,3.25,completed,Spring 2024,4
690,STU-0332,CYB-PM-1342,2.81,failed,Fall 2022,3
691,STU-0333,IFS-SM-1381,2.87,failed,Fall 2024,3
692,STU-0333,IFS-ERP-230,2.75,completed,Spring 2023,3
693,STU-0334,SFE-AP-972,2.98,failed,Spring 2025,3
694,STU-0334,SFE-BA-571,3.23,completed,Fall 2022,3
695,STU-0335,SFE-MA-1447,1.87,completed,Spring 2023,2
696,STU-0335,SFE-EM-1291,1.47,dropped,Spring 2024,1
697,STU-0335,SFE-MD-496,2.42,completed,Fall 2024,2
698,STU-0336,IFS-RTL-1527,3.66,dropped,Fall 2022,4
699,STU-0337,IFS-BO-277,3.21,dropped,Fall 2024,3
700,STU-0337,IFS-ERP-233,3.81,completed,Fall 2024,4
701,STU-0337,IFS-RTL-1537,3.16,completed,Fall 2023,3
702,STU-0338,SFE-EM-1293,3.42,completed,Fall 2022,3
703,STU-0338,SFE-BA-585,3.19,completed,Spring 2024,3
704,STU-0338,SFE-SD-854,3.47,completed,Fall 2024,3
705,STU-0339,IFS-BD-962,3.97,completed,Fall 2022,4
706,STU-0339,IFS-BI-1216,3.71,completed,Fall 2023,4
707,STU-0339,IFS-BD-951,3.43,completed,Fall 2023,3
708,STU-0340,IFS-BO-274,2.88,completed,Fall 2022,3
709,STU-0340,IFS-SA-273,1.89,completed,Spring 2023,2
710,STU-0341,IFT-ED-303,2.2,completed,Fall 2023,2
711,STU-0341,IFT-DB-303,1.22,completed,Spring 2023,1
712,STU-0341,IFT-DB-1572,2.03,completed,Spring 2024,2
713,STU-0342,SFE-XR-937,2.24,completed,Spring 2024,2
714,STU-0342,SFE-XR-939,2.81,dropped,Spring 2024,3
715,STU-0342,SFE-UP-1800,2.75,failed,Fall 2022,3
716,STU-0343,SFE-CC-640,3.57,completed,Spring 2023,4
717,STU-0343,SFE-EM-1293,3.23,completed,Fall 2022,3
718,STU-0344,SFE-SC-804,3.47,failed,Fall 2023,3
719,STU-0345,IFS-SA-278,1.86,completed,Fall 2022,2
720,STU-0345,IFS-ERP-227,1.46,completed,Spring 2025,1
721,STU-0346,IFT-IoT-330,2.81,completed,Spring 2024,3
722,STU-0346,SFE-AS-760,3.43,completed,Spring 2024,4
723,STU-0346,IFT-GR-1769,3.2,completed,Fall 2023,3
724,STU-0347,SD-HT-1069,3.39,completed,Spring 2025,3
725,STU-0348,IFT-CC-315,3.25,completed,Spring 2023,3
726,STU-0349,COS-DM-1075,2.52,completed,Spring 2025,3
727,STU-0349,COS-SP-204,2.21,dropped,Spring 2025,2
728,STU-0349,COS-ML-019,2.71,completed,Fall 2023,3
729,STU-0350,CYB-PM-1352,2.69,completed,Fall 2022,3
730,STU-0350,CYB-CS-226,3.12,completed,Spring 2024,3
731,STU-0351,COS-DS-121,3.14,completed,Spring 2024,3
732,STU-0352,CYB-MA-181,4.08,completed,Spring 2023,5
733,STU-0353,COS-DS-133,3.94,completed,Spring 2024,4
734,STU-0354,COS-BIO-1639,3.56,completed,Fall 2022,4
735,STU-0354,COS-BIO-1622,2.32,dropped,Fall 2023,2
736,STU-0354,COS-NLP-107,2.17,completed,Fall 2024,2
737,STU-0355,COS-DS-142,2.89,completed,Spring 2025,3
738,STU-0355,EXX-ES-1829,3.45,completed,Fall 2022,3
739,STU-0355,COS-ML-013,3.26,completed,Fall 2024,3
740,STU-0356,IFT-ER-377,3.09,completed,Fall 2024,3
741,STU-0356,IFT-GR-1748,3.82,dropped,Spring 2024,4
742,STU-0356,IFT-ER-372,3.63,completed,Spring 2023,4
743,STU-0357,IFS-BD-956,3.21,dropped,Fall 2023,3
744,STU-0357,IFS-SM-1377,3.88,completed,Spring 2023,4
745,STU-0358,COS-GM-255,3.7,completed,Spring 2023,4
746,STU-0359,IFS-BI-1238,4.48,completed,Spring 2023,4
747,STU-0359,IFS-BI-1240,3.5,completed,Spring 2024,4
748,STU-0360,IFT-AT-1028,3.61,completed,Spring 2023,4
749,STU-0361,IFS-GOV-1700,3.18,completed,Spring 2025,3
750,STU-0362,IFS-BD-953,4.83,completed,Spring 2025,5
751,STU-0363,CYB-IAM-213,2.69,completed,Fall 2022,3
752,STU-0363,CYB-AP-302,2.53,completed,Fall 2022,3
753,STU-0363,CYB-AP-295,3.25,dropped,Fall 2022,3
754,STU-0364,COS-CV-131,2.69,failed,Spring 2025,3
755,STU-0364,ET-EM-1058,2.38,dropped,Spring 2024,2
756,STU-0364,COS-NCS-1328,2.57,completed,Spring 2025,3
757,STU-0365,CYB-FS-1199,3.15,completed,Fall 2023,3
758,STU-0366,COS-DB-156,3.55,completed,Fall 2024,4
759,STU-0367,SFE-MD-497,3.63,dropped,Fall 2022,4
760,STU-0368,CYB-NS-155,1.76,failed,Spring 2025,2
761,STU-0368,CYB-PM-1344,2.22,dropped,Spring 2024,2
762,STU-0369,IFT-DB-1549,2.33,completed,Fall 2022,2
763,STU-0369,IFS-BPM-243,2.34,completed,Fall 2023,3
764,STU-0369,IFT-ER-371,2.74,completed,Spring 2024,3
765,STU-0370,CYB-WS-202,3.16,completed,Fall 2022,4
766,STU-0370,CYB-FS-1199,3.01,completed,Fall 2022,4
767,STU-0371,CYB-FS-1212,3.41,failed,Spring 2023,3
768,STU-0371,CYB-PM-1349,3.92,completed,Spring 2025,4
769,STU-0372,SFE-MA-1428,3.77,completed,Spring 2023,4
770,STU-0372,SFE-CC-629,3.23,completed,Spring 2024,3
771,STU-0373,CYB-AP-303,5.0,completed,Fall 2022,5
772,STU-0373,CYB-OT-1655,4.38,completed,Spring 2024,5
773,STU-0374,IFS-SM-1378,2.89,failed,Fall 2022,3
774,STU-0374,IFS-EA-269,3.19,completed,Spring 2024,3
775,STU-0374,IFS-BPM-243,2.91,dropped,Spring 2024,3
776,STU-0375,COS-UT-212,2.73,dropped,Fall 2024,3
777,STU-0375,COS-DL-068,2.95,failed,Spring 2023,3
778,STU-0376,IFS-RTL-1516,4.21,completed,Fall 2022,4
779,STU-0377,CYB-OT-1688,2.71,completed,Fall 2022,3
780,STU-0378,CYB-FS-1212,3.01,completed,Fall 2022,3
781,STU-0379,SFE-CC-633,4.01,failed,Spring 2024,4
782,STU-0379,SFE-AR-401,3.77,completed,Fall 2023,4
783,STU-0380,IFS-BI-1238,2.61,completed,Spring 2025,3
784,STU-0380,EXX-ES-1828,2.86,completed,Fall 2022,3
785,STU-0380,COS-UT-232,3.19,dropped,Spring 2024,3
786,STU-0381,CYB-MA-187,3.69,completed,Spring 2023,4
787,STU-0382,IFT-AM-1261,3.78,dropped,Fall 2022,4
788,STU-0382,IFT-ER-375,3.03,completed,Fall 2022,3
789,STU-0382,IFT-CM-1406,3.97,completed,Fall 2024,4
790,STU-0383,SFE-UP-1801,2.96,failed,Fall 2023,3
791,STU-0383,SFE-SC-817,2.25,completed,Fall 2023,2
792,STU-0383,SFE-DO-427,2.27,completed,Fall 2023,2
793,STU-0384,CYB-AI-1493,3.07,completed,Fall 2024,3
794,STU-0384,CYB-AI-1506,3.41,completed,Fall 2024,3
795,STU-0385,IFT-AM-1258,2.74,completed,Fall 2022,3
796,STU-0385,IFT-GR-1734,3.08,completed,Spring 2025,3
797,STU-0385,IFT-AT-1039,3.18,completed,Spring 2023,3
798,STU-0386,CYB-MA-179,2.43,completed,Spring 2025,2
799,STU-0387,IFT-AM-1261,1.38,completed,Spring 2024,2
800,STU-0387,SFE-BA-553,1.56,dropped,Spring 2025,2
801,STU-0387,SFE-AS-759,1.52,completed,Fall 2022,2
802,STU-0388,IFT-IO-350,2.66,dropped,Spring 2024,3
803,STU-0388,IFT-CM-1405,2.96,completed,Spring 2025,3
804,STU-0389,IFS-BPM-259,2.98,completed,Spring 2025,3
805,STU-0389,IFS-GOV-1723,3.48,dropped,Spring 2024,3
806,STU-0389,IFS-GOV-1721,2.51,dropped,Spring 2025,3
807,STU-0390,IFT-GR-1767,1.76,dropped,Spring 2024,2
808,STU-0391,CYB-AI-1512,1.31,dropped,Spring 2023,1
809,STU-0391,CYB-FR-198,1.83,completed,Spring 2024,2
810,STU-0391,CYB-AP-301,2.13,failed,Spring 2024,2
811,STU-0392,IFS-GOV-1725,2.61,completed,Fall 2022,3
812,STU-0392,IFS-ERP-229,3.12,completed,Spring 2023,3
813,STU-0393,IFS-BI-1219,3.23,completed,Spring 2023,3
814,STU-0393,IFS-SM-1376,3.23,completed,Spring 2024,3
815,STU-0394,CYB-CS-244,2.8,dropped,Fall 2024,3
816,STU-0394,CYB-PM-1356,3.37,completed,Spring 2024,3
817,STU-0394,CYB-AP-302,4.06,completed,Spring 2025,4
818,STU-0395,IFS-SA-279,2.85,completed,Spring 2023,3
819,STU-0395,IFS-SA-288,2.52,completed,Spring 2024,3
820,STU-0395,IFS-BI-1225,2.59,completed,Fall 2022,3
821,STU-0396,SFE-EM-1276,3.34,completed,Fall 2023,3
822,STU-0396,SFE-SC-808,2.68,completed,Spring 2025,3
823,STU-0396,SFE-SC-809,2.91,failed,Spring 2024,3
824,STU-0397,CYB-NS-154,2.51,completed,Fall 2022,3
825,STU-0398,CYB-MA-179,3.31,completed,Fall 2022,4
826,STU-0399,IFS-BI-1218,2.78,completed,Fall 2023,3
827,STU-0399,IFS-BO-270,3.25,completed,Fall 2022,3
828,STU-0399,IFS-BI-1244,2.47,completed,Fall 2022,2
829,STU-0400,COS-ML-002,3.24,completed,Spring 2025,3
830,STU-0401,COS-DM-1071,3.64,completed,Spring 2024,4
831,STU-0402,IFT-DB-1557,2.43,failed,Fall 2024,2
832,STU-0402,IFT-IoT-325,1.95,dropped,Spring 2024,2
833,STU-0402,IFT-GR-1749,3.26,completed,Fall 2022,3
834,STU-0403,COS-UT-222,3.48,completed,Spring 2025,3
835,STU-0403,EXX-ES-1848,3.9,failed,Spring 2023,4
836,STU-0404,COS-VIS-1468,2.36,completed,Fall 2022,3
837,STU-0404,COS-NCS-1302,2.91,completed,Fall 2024,3
838,STU-0404,ET-EM-1053,2.74,completed,Spring 2023,3
839,STU-0405,COS-VIS-1465,3.11,dropped,Spring 2024,3
840,STU-0406,SFE-WD-465,2.72,completed,Spring 2025,3
841,STU-0406,SFE-SD-854,1.82,completed,Fall 2022,2
842,STU-0407,IFS-BO-269,2.55,completed,Fall 2022,3
843,STU-0408,CYB-AI-1513,4.29,completed,Fall 2024,4
844,STU-0408,CYB-AP-293,4.63,completed,Spring 2024,5
845,STU-0408,CYB-AI-1506,4.58,completed,Spring 2023,5
846,STU-0409,CYB-MA-185,3.47,dropped,Spring 2023,4
847,STU-0409,CYB-AP-287,3.36,dropped,Spring 2025,3
848,STU-0409,CYB-CS-242,2.76,dropped,Spring 2024,3
849,STU-0410,IFT-IO-349,2.24,completed,Fall 2023,2
850,STU-0411,IFS-GOV-1702,1.46,completed,Spring 2023,1
851,STU-0411,IFS-SM-1380,1.41,failed,Spring 2024,1
852,STU-0411,IFS-SM-1366,1.0,dropped,Fall 2023,1
853,STU-0412,IFS-GOV-1711,3.76,completed,Spring 2025,4
854,STU-0412,CYB-FS-1193,3.44,completed,Spring 2025,4
855,STU-0413,IFS-BI-1239,3.87,completed,Fall 2023,4
856,STU-0413,IFS-BD-967,3.76,dropped,Spring 2023,4
857,STU-0413,IFS-BI-1230,3.14,completed,Spring 2025,3
858,STU-0414,SFE-AR-403,3.04,completed,Fall 2022,3
859,STU-0414,SFE-BP-711,2.82,completed,Spring 2025,3
860,STU-0414,SFE-EM-1300,2.34,completed,Spring 2025,2
861,STU-0415,IFS-RTL-1538,2.17,failed,Spring 2024,2
862,STU-0416,SFE-SD-864,2.86,completed,Fall 2023,3
863,STU-0416,SFE-EM-1275,2.83,completed,Spring 2025,3
864,STU-0416,SFE-AR-404,2.89,completed,Spring 2024,3
865,STU-0417,IFS-BI-1220,3.19,dropped,Spring 2024,3
866,STU-0418,CYB-OT-1665,2.71,completed,Spring 2023,3
867,STU-0418,IFT-CC-312,2.0,dropped,Fall 2022,2
868,STU-0419,IFS-SM-1370,2.86,completed,Fall 2024,3
869,STU-0420,IFT-CM-1421,3.26,failed,Fall 2024,3
870,STU-0420,IFT-CM-1401,2.55,completed,Fall 2023,3
871,STU-0420,IFT-AM-1273,3.95,completed,Fall 2023,4
872,STU-0421,COS-UT-249,3.94,completed,Spring 2024,4
873,STU-0422,CYB-FR-194,2.72,failed,Spring 2024,3
874,STU-0422,CYB-MA-188,2.61,completed,Spring 2025,3
875,STU-0423,SFE-SC-814,1.78,failed,Fall 2022,2
876,STU-0423,CYB-CS-230,2.8,completed,Fall 2023,3
877,STU-0423,SFE-BP-712,2.55,failed,Spring 2023,3
878,STU-0424,IFT-IoT-327,3.08,completed,Fall 2024,4
879,STU-0425,SFE-BP-712,2.53,dropped,Fall 2024,3
880,STU-0426,IFS-BPM-258,3.21,completed,Spring 2025,3
881,STU-0426,IFS-SM-1368,2.58,completed,Spring 2023,3
882,STU-0426,IFS-BO-263,2.86,dropped,Fall 2022,3
883,STU-0427,EXX-ES-1846,4.51,completed,Spring 2025,5
884,STU-0427,EXX-ES-1849,4.67,completed,Fall 2023,5
885,STU-0428,IFS-BI-1240,2.77,completed,Fall 2022,3
886,STU-0428,IFS-SA-285,2.77,completed,Fall 2022,3
887,STU-0429,IFS-EA-271,2.56,completed,Spring 2025,3
888,STU-0429,IFS-BPM-256,3.44,dropped,Spring 2024,3
889,STU-0429,IFS-BI-1240,2.98,dropped,Spring 2025,3
890,STU-0430,IFS-SA-279,3.07,completed,Spring 2025,3
891,STU-0430,IFS-ERP-237,3.3,completed,Spring 2025,3
892,STU-0431,IFT-CC-311,4.63,failed,Fall 2022,5
893,STU-0432,IFT-AM-1265,4.0,completed,Fall 2023,4
894,STU-0433,IFT-ED-303,3.19,completed,Fall 2022,3
895,STU-0433,IFT-AM-1259,3.39,failed,Spring 2023,3
896,STU-0433,IFT-IO-346,3.0,completed,Fall 2023,3
897,STU-0434,COS-DS-130,3.61,completed,Spring 2023,4
898,STU-0435,SFE-CC-635,2.27,dropped,Spring 2025,2
899,STU-0435,SFE-UP-1778,2.56,completed,Spring 2023,3
900,STU-0435,SFE-BA-553,3.94,completed,Spring 2024,4
901,STU-0436,COS-CV-147,3.3,completed,Spring 2024,4
902,STU-0436,COS-ML-031,2.41,dropped,Spring 2024,3
903,STU-0436,COS-NLP-117,2.09,completed,Spring 2025,2
904,STU-0437,SFE-QA-385,2.78,completed,Fall 2022,3
905,STU-0437,SFE-CC-623,3.26,completed,Fall 2022,3
906,STU-0438,COS-NLP-104,4.62,completed,Fall 2024,5
907,STU-0438,COS-BIO-1611,4.0,completed,Fall 2023,4
908,STU-0439,SFE-BP-709,2.7,completed,Spring 2025,3
909,STU-0439,SFE-EM-1282,2.42,completed,Fall 2024,2
910,STU-0439,SFE-AR-404,2.29,failed,Spring 2025,2
911,STU-0440,SD-HT-1069,2.33,completed,Fall 2023,2
912,STU-0441,IFS-SM-1369,3.77,completed,Spring 2025,4
913,STU-0442,CYB-AI-1499,2.87,completed,Spring 2023,3
914,STU-0442,CYB-AI-1503,2.47,completed,Fall 2023,3
915,STU-0442,CYB-WS-201,3.11,completed,Spring 2025,3
916,STU-0443,IFT-IoT-322,3.43,dropped,Spring 2023,3
917,STU-0443,IFS-BD-960,3.96,completed,Spring 2023,4
918,STU-0443,IFT-AM-1272,3.12,completed,Fall 2023,3
919,STU-0444,IFS-ERP-235,3.27,failed,Spring 2023,3
920,STU-0444,IFS-GOV-1730,2.79,failed,Spring 2025,3
921,STU-0444,IFS-RTL-1520,3.25,completed,Fall 2022,3
922,STU-0445,COS-CV-121,3.34,dropped,Spring 2023,3
923,STU-0446,CYB-FS-1214,2.77,completed,Spring 2025,3
924,STU-0446,CYB-OT-1685,2.37,completed,Fall 2024,2
925,STU-0447,IFS-BD-958,3.89,completed,Fall 2024,4
926,STU-0448,COS-ML-020,3.71,completed,Fall 2023,4
927,STU-0448,COS-SP-197,3.44,dropped,Fall 2022,3
928,STU-0448,COS-ML-021,3.01,completed,Fall 2024,4
929,STU-0449,IFS-BPM-251,2.18,failed,Fall 2023,2
930,STU-0449,IFS-GOV-1700,2.28,failed,Spring 2023,2
931,STU-0450,SFE-EM-1287,3.35,failed,Fall 2023,3
932,STU-0451,CYB-FS-1194,3.53,completed,Spring 2025,4
933,STU-0451,CYB-PM-1347,3.88,completed,Spring 2024,4
934,STU-0451,CYB-CS-240,3.04,completed,Fall 2024,3
935,STU-0452,SFE-WD-463,3.26,failed,Fall 2024,3
936,STU-0453,SFE-QA-383,3.26,completed,Fall 2023,4
937,STU-0454,CYB-PM-1363,2.76,dropped,Spring 2025,3
938,STU-0454,CYB-CS-221,3.15,completed,Spring 2024,3
939,STU-0455,IFT-CM-1406,2.33,completed,Fall 2024,2
940,STU-0456,IFT-AM-1264,3.49,completed,Fall 2022,3
941,STU-0456,IFT-GR-1767,4.27,failed,Spring 2023,4
942,STU-0456,IFT-CC-316,3.44,completed,Spring 2023,3
943,STU-0457,IFT-AM-1251,2.88,completed,Fall 2022,3
944,STU-0458,IFT-ED-304,2.63,completed,Spring 2025,3
945,STU-0458,IFT-IO-354,3.69,completed,Fall 2024,4
946,STU-0458,IFT-AT-1039,3.41,completed,Spring 2025,3
947,STU-0459,IFT-DB-302,2.52,completed,Fall 2022,3
948,STU-0460,COS-CV-122,1.49,dropped,Fall 2024,1
949,STU-0460,COS-UT-222,2.45,failed,Fall 2023,2
950,STU-0460,COS-BIO-1647,2.45,dropped,Fall 2022,2
951,STU-0461,IFT-ED-308,2.36,completed,Fall 2024,2
952,STU-0462,IFT-AT-1032,2.56,completed,Fall 2023,3
953,STU-0462,IFT-GR-1770,2.52,completed,Fall 2024,3
954,STU-0462,IFT-GR-1757,1.6,completed,Fall 2024,2
955,STU-0463,CYB-WS-204,4.02,completed,Fall 2022,4
956,STU-0463,CYB-AP-303,3.69,completed,Fall 2024,4
957,STU-0463,CYB-AP-291,3.82,completed,Fall 2024,4
958,STU-0464,IFT-DB-1555,3.27,failed,Spring 2025,3
959,STU-0464,IFT-DB-1547,3.08,completed,Spring 2024,3
960,STU-0465,COS-UT-228,1.69,completed,Fall 2022,2
961,STU-0465,COS-DM-1070,1.2,failed,Spring 2025,1
962,STU-0465,COS-GM-253,1.86,completed,Spring 2024,2
963,STU-0466,SFE-UP-1802,1.56,completed,Fall 2023,2
964,STU-0466,SFE-AS-752,1.47,failed,Fall 2022,1
965,STU-0466,SFE-CC-635,1.71,failed,Fall 2023,2
966,STU-0467,SFE-CC-648,2.84,completed,Fall 2024,3
967,STU-0468,IFT-CM-1404,2.29,completed,Fall 2024,3
968,STU-0469,COS-DL-057,2.81,completed,Fall 2023,3
969,STU-0469,COS-BIO-1644,2.27,failed,Spring 2024,2
970,STU-0469,COS-BIO-1610,3.12,completed,Spring 2025,3
971,STU-0470,SFE-DO-425,1.09,completed,Fall 2023,2
972,STU-0470,SFE-AS-754,2.18,dropped,Spring 2024,3
973,STU-0470,SFE-SD-866,2.53,completed,Spring 2024,3
974,STU-0471,IFS-SM-1392,2.73,completed,Spring 2024,3
975,STU-0471,IFS-BPM-246,2.86,dropped,Spring 2025,3
976,STU-0471,IFS-GOV-1692,3.33,completed,Spring 2023,3
977,STU-0472,COS-ML-027,3.11,completed,Spring 2023,4
978,STU-0472,COS-ML-003,3.5,completed,Spring 2023,4
979,STU-0473,SFE-CP-1594,3.68,completed,Fall 2024,4
980,STU-0473,SFE-AP-969,4.03,completed,Fall 2023,4
981,STU-0473,SFE-CC-646,4.09,completed,Fall 2022,4
982,STU-0474,IFT-IO-342,2.41,dropped,Spring 2023,2
983,STU-0474,IFT-IO-352,2.59,completed,Spring 2023,3
984,STU-0474,IFT-IO-354,1.78,completed,Spring 2023,2
985,STU-0475,IFS-RTL-1518,2.39,completed,Spring 2024,2
986,STU-0475,IFS-SM-1392,1.86,completed,Fall 2024,2
987,STU-0476,IFS-ERP-234,4.21,completed,Fall 2022,4
988,STU-0476,IFS-BO-269,3.86,completed,Fall 2024,4
989,STU-0476,IFS-BPM-256,3.87,completed,Fall 2023,4
990,STU-0477,IFT-AT-1043,3.08,completed,Fall 2022,3
991,STU-0477,IFT-AT-1037,3.18,completed,Fall 2022,3
992,STU-0478,IFS-BO-285,2.48,completed,Fall 2023,2
993,STU-0478,IFS-ERP-239,2.51,completed,Fall 2023,3
994,STU-0479,COS-VIS-1451,3.36,dropped,Fall 2022,3
995,STU-0479,COS-NLP-116,2.14,dropped,Fall 2022,2
996,STU-0480,CYB-CS-223,3.63,completed,Fall 2023,4
997,STU-0480,CYB-OT-1661,4.57,completed,Spring 2023,5
998,STU-0480,CYB-NS-158,3.85,completed,Spring 2023,4
999,STU-0481,IFS-SM-1387,2.28,completed,Fall 2023,2
1000,STU-0481,IFS-BO-281,2.21,completed,Spring 2025,2
1001,STU-0481,IFS-SM-1388,1.94,failed,Fall 2023,2
1002,STU-0482,SFE-BP-702,4.32,completed,Fall 2022,4
1003,STU-0482,SFE-BP-711,4.13,completed,Spring 2024,4
1004,STU-0483,IFS-GOV-1716,3.77,completed,Fall 2024,4
1005,STU-0484,IFS-GOV-1691,3.57,completed,Spring 2024,4
1006,STU-0484,IFS-SM-1393,3.19,completed,Spring 2023,3
1007,STU-0484,IFS-SA-275,2.84,completed,Spring 2024,3
1008,STU-0485,IFT-CC-315,3.49,completed,Spring 2025,3
1009,STU-0486,IFS-GOV-1697,3.06,failed,Spring 2023,3
1010,STU-0486,IFS-BO-283,3.39,dropped,Spring 2024,3
1011,STU-0486,IFS-BD-958,4.05,completed,Spring 2025,4
1012,STU-0487,IFS-BPM-259,3.65,completed,Spring 2024,4
1013,STU-0488,SFE-AS-755,3.7,completed,Fall 2022,4
1014,STU-0488,SFE-UP-1775,3.54,completed,Spring 2024,4
1015,STU-0489,IFT-GR-1739,2.48,completed,Fall 2022,2
1016,STU-0490,SFE-BA-577,2.9,completed,Spring 2023,3
1017,STU-0491,SFE-CC-625,4.11,completed,Spring 2023,4
1018,STU-0491,SFE-EM-1278,3.98,completed,Spring 2024,4
1019,STU-0492,IFT-DB-1554,2.78,dropped,Spring 2025,3
1020,STU-0493,COS-DL-076,3.71,completed,Spring 2023,4
1021,STU-0494,CYB-PM-1356,3.92,completed,Fall 2022,4
1022,STU-0494,CYB-CS-222,3.57,completed,Spring 2024,4
1023,STU-0494,CYB-WS-208,3.69,completed,Spring 2023,4
1024,STU-0495,IFS-BD-961,3.12,dropped,Spring 2023,3
1025,STU-0495,IFS-GOV-1698,2.95,completed,Fall 2024,3
1026,STU-0495,COS-BIO-1639,3.32,completed,Spring 2025,4
1027,STU-0496,SFE-EM-1274,3.06,completed,Spring 2024,3
1028,STU-0496,SFE-SD-864,3.25,completed,Spring 2023,3
1029,STU-0496,SFE-UP-1800,2.84,completed,Spring 2025,3
1030,STU-0497,CYB-FR-191,2.34,failed,Spring 2023,2
1031,STU-0498,CYB-FS-1212,2.75,completed,Spring 2024,3
1032,STU-0498,SD-HT-1062,2.35,completed,Fall 2024,2
1033,STU-0499,IFS-BPM-256,2.53,completed,Fall 2024,3
1034,STU-0499,IFS-RTL-1530,1.87,completed,Spring 2025,2
1035,STU-0500,SFE-CP-1596,2.91,completed,Spring 2025,3
